campaign_number,report_date,report_year,component,summary,consequence,remedy,remedy_type,models_affected,model_years_affected,model_year_start,model_year_end,n_model_year_combos,potentially_affected,capacity_constrained,throughput_basis,remedy_notes
24V051000,2024-01-30,2024,ELECTRICAL SYSTEM: INSTRUMENT CLUSTER/PANEL,"Tesla, Inc. (Tesla) is recalling certain 2012-2023 Model S, 2016-2024 Model X, 2017-2023 Model 3, 2019-2024 Model Y, and 2024 Cybertruck vehicles.  An incorrect font size is displayed on the instrument panel for the Brake, Park, and Antilock Brake System (ABS) warning lights.  As such, these vehicles fail to comply with the requirements of Federal Motor Vehicle Safety Standard number 105, ""Hydraulic and Electric Brake Systems"" and 135, ""Light Vehicle Brake Systems.""","Warning lights with a smaller font size can make critical safety information on the instrument panel difficult to read, increasing the risk of a crash.","Tesla began releasing an over-the-air (OTA) software update, free of charge.  Owners may contact Tesla customer service at 1-877-798-3752.  Tesla's number for this recall is SB-24-00-003.",OTA Software,"CYBERTRUCK, MODEL 3, MODEL S, MODEL X, MODEL Y",2013–2024,2013,2024,34,2193869,No,none,Fix delivered over the air. Scales to the full fleet without consuming service center capacity.
23V838000,2023-12-12,2023,ELECTRICAL SYSTEM:ADAS:AUTONOMOUS/SELF DRIVING:SOFTWARE,"Tesla, Inc. (Tesla) is recalling 2012-2023 Model S, 2016-2023 Model X, 2017-2023 Model 3, and 2020-2023 Model Y vehicles equipped with all versions of Autosteer leading up to the version(s) that contains the recall remedy.  In certain circumstances when Autosteer is engaged, the prominence and scope of the feature's controls may not be sufficient to prevent driver misuse of the SAE Level 2 advanced driver-assistance feature.","In certain circumstances when Autosteer is engaged, and the driver does not maintain responsibility for vehicle operation and is unprepared to intervene as necessary or fails to recognize when Autosteer is canceled or not engaged, there may be an increased risk of a crash.","Tesla will release an over-the-air (OTA) software update, free of charge.  Owner notification letters were mailed February 10, 2024.  Owners may contact Tesla customer service at 1-877-798-3752.  Tesla's number for this recall is SB-23-00-008.",OTA Software,"MODEL 3, MODEL S, MODEL X, MODEL Y",2013–2023,2013,2023,30,2031220,No,none,Fix delivered over the air. Scales to the full fleet without consuming service center capacity.
24V554000,2024-07-24,2024,LATCHES/LOCKS/LINKAGES:HOOD:LATCH,"Tesla, Inc. (Tesla) is recalling certain 2021-2024 Model 3, Model S, Model X, and 2020-2024 Model Y vehicles.  The hood latch assembly may fail to detect an unlatched hood condition after the hood has been opened.","An unlatched hood can fully open, obstructing the driver's view and increasing the risk of a crash.","Tesla has released an over-the-air (OTA) software update, free of charge.  Owner notification letters were mailed September 24, 2024.  Owners may contact Tesla customer service at 1-877-798-3752.  Tesla's number for this recall is SB-24-00-012.",OTA Software,"MODEL 3, MODEL S, MODEL X, MODEL Y",2020–2024,2020,2024,16,1849638,No,none,Fix delivered over the air. Scales to the full fleet without consuming service center capacity.
22V702000,2022-09-19,2022,VISIBILITY:POWER WINDOW DEVICES AND CONTROLS,"Tesla, Inc. (Tesla) is recalling certain 2017-2022 Model 3, 2020-2022 Model Y, and 2021-2022 Model S and Model X vehicles.  The window automatic reversal system may not react correctly after detecting an obstruction.  As such, these vehicles fail to comply with the requirements of Federal Motor Vehicle Safety Standard number 118, ""Power-Operated Window Systems.""","A closing window may exert excessive force by pinching a driver or passenger before retracting, increasing the risk of injury.","Tesla will perform an over-the-air (OTA) software update of the automatic window reversal system, free of charge.  Owner notification letters were mailed March 31, 2032.  Owners may contact Tesla customer service at 1-877-798-3752.  Tesla's number for this recall is SB-22-00-013.",OTA Software,"MODEL 3, MODEL S, MODEL X, MODEL Y",2017–2022,2017,2022,13,1096762,No,none,Fix delivered over the air. Scales to the full fleet without consuming service center capacity.
22V045000,2022-02-01,2022,ELECTRICAL SYSTEM:SOFTWARE,"Tesla, Inc. (Tesla) is recalling certain 2021-2022 Model S and Model X, 2017-2022 Model 3, and 2020-2022 Model Y vehicles.  The audible chime may not activate when the vehicle starts and the driver has not buckled their seat belt.  As such, these vehicles fail to comply with the requirements of Federal Motor Vehicle Safety Standard number 208, ""Occupant Crash Protection.""","The driver may be unaware that their seat belt is not fastened, increasing the risk of injury during a crash.","Tesla will perform an over-the-air (OTA) software update, free of charge.  Owner notification letters were mailed April 1, 2022.  Owners may contact Tesla customer service at 1-877-798-3752.  Tesla's number for this recall is SB-22-00-002.",OTA Software,"MODEL 3, MODEL S, MODEL X, MODEL Y",2017–2022,2017,2022,13,817143,No,none,Fix delivered over the air. Scales to the full fleet without consuming service center capacity.
24V935000,2024-12-17,2024,TIRES:PRESSURE MONITORING AND REGULATING SYSTEMS,"Tesla, Inc. (Tesla) is recalling certain 2024 Cybertruck, 2017-2025 Model 3, and 2020-2025 Model Y vehicles.  The tire pressure monitoring system (TPMS) warning light may not remain illuminated between drive cycles, failing to warn the driver of low tire pressure.  As such, these vehicles fail to comply with the requirements of Federal Motor Vehicle Safety Standard number 138, ""Tire Pressure Monitoring Systems.""",Driving with improperly inflated tires increases the risk of a crash.,"Tesla released an over-the-air (OTA) software update, free of charge.  Owner notification letters were mailed February 15, 2025.  Owners may contact Tesla customer service at 1-877-798-3752.  Tesla's number for this recall is SB-24-00-018.",OTA Software,"CYBERTRUCK, MODEL 3, MODEL Y",2017–2025,2017,2025,15,696281,No,none,Fix delivered over the air. Scales to the full fleet without consuming service center capacity.
22V235000,2022-04-12,2022,ELECTRICAL SYSTEM:SOFTWARE,"Tesla, Inc. (Tesla) is recalling certain 2020-2022 Model Y, Model X, Model S, and 2017-2022 Model 3 vehicles.  The Boombox function allows sounds to be played through an external speaker while the vehicle is in motion, which may obscure the Pedestrian Warning System (PWS) sounds.  As such, these vehicles fail to comply with the requirements of Federal Motor Vehicle Safety Standard number 141, ""Minimum Sound Requirements for Hybrid and Electric Vehicles.""","Pedestrians may be unaware of an approaching vehicle if the PWS sounds are obscured, increasing the risk of a crash.","Tesla will perform an over-the-air (OTA) software update that will disable the Boombox functionality when the vehicle is in Drive, Neutral and Reverse modes, including Summon and Smart Summon, free of charge.  Owner notification letters were mailed June 6, 2022.  Owners may contact Tesla customer service at 1-877-798-3752.  Tesla's number for this recall is SB-22-00-003.  Note: This recall supersedes recall 22V-063.  Vehicles configured with Summon or Smart Summon and already remedied under 22V-063 will need to have the new remedy software installed.",OTA Software,"MODEL 3, MODEL S, MODEL X, MODEL Y",2017–2022,2017,2022,15,594894,No,none,Fix delivered over the air. Scales to the full fleet without consuming service center capacity.
22V063000,2022-02-04,2022,ELECTRICAL SYSTEM:SOFTWARE,"Tesla, Inc. (Tesla) is recalling certain 2020-2022 Model S, Model X, Model Y, and 2017-2022 Model 3 vehicles.  The Boombox function allows sounds to be played through an external speaker while the vehicle is in motion, which may obscure the Pedestrian Warning System (PWS) sounds.  As such, these vehicles fail to comply with the requirements of Federal Motor Vehicle Safety Standard number 141, ""Minimum Sound Requirements for Hybrid and Electric Vehicles.""","Pedestrians may be unaware of an approaching vehicle if the PWS sounds are obscured, increasing the risk of a crash.","Tesla will perform an over-the-air (OTA) software update that will disable the Boombox functionality when the vehicle is in Drive, Neutral and Reverse modes, free of charge.  Owner notification letters are expected to be mailed April 5, 2022.  Owners may contact Tesla customer service at 1-877-798-3752.  Tesla's number for this recall is SB-22-00-003.  Note: This recall has been superseded by Recall 22V-235.  Tesla's number for the new recall is SB-22-00-003.",OTA Software,"MODEL 3, MODEL S, MODEL X, MODEL Y",2017–2022,2017,2022,15,578607,No,none,Fix delivered over the air. Scales to the full fleet without consuming service center capacity.
25V092000,2025-02-14,2025,STEERING:ELECTRIC POWER ASSIST SYSTEM,"Tesla, Inc. (Tesla) is recalling certain 2023 Model 3 and Model Y vehicles operating software prior to 2023.38.4.  The printed circuit board for the electronic power steering assist may experience an overstress condition, causing a loss of power steering assist when the vehicle reaches a stop and then accelerates again.","A loss of power steering assist can require greater steering effort, especially at low speeds, increasing the risk of a crash.","Tesla has released an over-the-air (OTA) software update, free of charge.  Owner notification letters were mailed March 25, 2025.  Owners may contact Tesla customer service at 1-877-798-3752.  Tesla's number for this recall is SB-25-00-004.",OTA Software,"MODEL 3, MODEL Y",2023–2023,2023,2023,2,376241,No,none,Fix delivered over the air. Scales to the full fleet without consuming service center capacity.
23V085000,2023-02-15,2023,STEERING:AUTOMATED/ADAPTIVE STEERING,"Tesla, Inc. (Tesla) is recalling certain 2016-2023 Model S, Model X, 2017-2023 Model 3, and 2020-2023 Model Y vehicles equipped with Full Self-Driving Beta (FSD Beta) software or pending installation.  The FSD Beta system may allow the vehicle to act unsafe around intersections, such as traveling straight through an intersection while in a turn-only lane, entering a stop sign-controlled intersection without coming to a complete stop, or proceeding into an intersection during a steady yellow traffic signal without due caution. In addition, the system may respond insufficiently to changes in posted speed limits or not adequately account for the driver's adjustment of the vehicle's speed to exceed posted speed limits.",FSD Beta software that allows a vehicle to exceed speed limits or travel through intersections in an unlawful or unpredictable manner increases the risk of a crash.,"Tesla will release an over-the-air (OTA) software update, free of charge.  Owner notification letters were mailed April 15, 2023.  Owners may contact Tesla customer service at 1-877-798-3752.  Tesla's number for this recall is SB-23-00-001.",OTA Software,"MODEL 3, MODEL S, MODEL X, MODEL Y",2016–2023,2016,2023,27,362758,No,none,Fix delivered over the air. Scales to the full fleet without consuming service center capacity.
21V00D000,2021-12-21,2021,ELECTRICAL SYSTEM:WIRING: REAR COMPARTMENT/TRUNK,"Tesla, Inc. (Tesla) is recalling all 2017-2020 Model 3 vehicles.  The rearview camera cable harness may be damaged by the opening and closing of the trunk lid, preventing the rearview camera image from displaying.","A rearview camera that does not function reduces the driver's rear view, increasing the risk of a crash.","Tesla Service will inspect and install a guide protector and new cable harness as necessary, free of charge.  Owner notification letters were mailed April 24, 2022.  Owners may contact Tesla customer service at 1-877-798-3752.  Tesla's number for this recall is SB-21-17-008.",Hardware Service,MODEL 3,2017–2020,2017,2020,4,356309,Yes,parts_supply_and_bay_hours,Physical part replacement. Throughput bounded by parts supply and technician bay hours.
22V844000,2022-11-15,2022,EXTERIOR LIGHTING:TAIL LIGHTS,"Tesla, Inc. (Tesla) is recalling certain 2023 Model 3 and 2020-2023 Model Y vehicles.  One or both taillights may intermittently fail to illuminate.","A taillight that fails to illuminate may reduce the visibility of the vehicle, increasing the risk of a crash.","Tesla has released an over-the-air (OTA) software update, free of charge.  Owner notification letters were mailed January 14, 2023.  Owners may contact Tesla customer service at 1-877-798-3752.  Tesla's number for this recall is SB-22-00-016.",OTA Software,"MODEL 3, MODEL Y",2020–2023,2020,2023,5,321628,No,none,Fix delivered over the air. Scales to the full fleet without consuming service center capacity.
25V002000,2025-01-07,2025,BACK OVER PREVENTION:SOFTWARE,"Tesla, Inc. (Tesla) is recalling certain 2024-2025 Model 3, Model S, 2023-2025 Model X, and Model Y vehicles.  The computer circuit board may short, resulting in the loss of the rearview camera image.  As such, these vehicles fail to comply with the requirements of Federal Motor Vehicle Safety Standard (FMVSS) number 111, ""Rear Visibility.""","A rearview camera that does not display an image reduces the driver's rear view, increasing the risk of a crash.","Tesla released an over-the-air (OTA) software update, free of charge. Tesla will also identify any vehicles that experienced a circuit board failure, or stress that may lead to a circuit board failure, and replace the affected computers, free of charge.  Owner notification letters were mailed March 7, 2025.  Owners may contact Tesla customer service at 1-877-798-3752.  Tesla's number for this recall is SB-25-00-001.",OTA Software,"MODEL 3, MODEL S, MODEL X, MODEL Y",2023–2025,2023,2025,9,239382,No,none,Fix delivered over the air. Scales to the full fleet without consuming service center capacity.
26V283000,2026-05-05,2026,BACK OVER PREVENTION:SOFTWARE,"Tesla, Inc. (Tesla) is recalling certain 2017, 2021-2023 Model 3, 2020-2023 Model Y, 2021-2023 Model S, and Model X vehicles operating software version 2026.8.6. The rearview camera image may be delayed when the vehicle is placed in reverse. As such, these vehicles fail to comply with the requirements of Federal Motor Vehicle Safety Standard number 111, ""Rear Visibility.""","A delayed rearview image reduces the driver's view behind the vehicle, increasing the risk of a crash.","Tesla has released an over-the-air (OTA) software update, free of charge. Owner notification letters were mailed July 3, 2026. Owners may contact Tesla customer service at 1-877-798-3752. Tesla's number for this recall is SB-26-00-001.",OTA Software,"MODEL 3, MODEL S, MODEL X, MODEL Y",2017–2023,2017,2023,14,218868,No,none,Fix delivered over the air. Scales to the full fleet without consuming service center capacity.
24V035000,2024-01-22,2024,BACK OVER PREVENTION: SENSING SYSTEM: CAMERA,"Tesla, Inc. (Tesla) is recalling certain 2023 Model S, X, and Y vehicles equipped with full self-driving computer 4.0 and running a software release version 2023.44.30 through 2023.44.30.6 or 2023.44.100.  Software instability may prevent the rearview camera image from displaying.",A rearview image that does not display while in reverse decreases the driver's visibility and increases the risk of a crash.,"Tesla has released an over-the-air (OTA) software update, free of charge.  Owner notification letters were mailed March 22, 2024.  Owners may contact Tesla customer service at 1-877-798-3752.  Tesla's number for this recall is SB-24-00-002.",OTA Software,"MODEL S, MODEL X, MODEL Y",2023–2023,2023,2023,3,199575,No,none,Fix delivered over the air. Scales to the full fleet without consuming service center capacity.
21V035000,2021-01-29,2021,BACK OVER PREVENTION:SOFTWARE,"Tesla, Inc. (Tesla) is recalling certain 2012-2018 Tesla Model S and 2016-2018 Model X vehicles with a center display equipped with a NVIDIA Tegra 3 processor and an 8GB eMMC NAND flash memory device.  When the 8GB eMMC NAND flash memory device for the center display reaches lifetime wear, the eMMC controller will no longer be able to maintain the integrity of the filesystem, causing a failure in some of the center display functions.","The eMMC controller wear-out condition can cause the loss of the rearview camera display, defrost/defog control settings, and exterior turn signal lighting, reducing visibility and increasing the risk of a crash.","Owners should ensure their vehicles are operating firmware release 2020.48.48.12 or newer, which will alert owners if the eMMC is approaching lifetime wear.  Tesla will notify owners, and will replace the VCM daughterboard with one containing an enhanced eMMC controller, free of charge.  The recall began March 29, 2021.  Owners may contact Tesla customer service at 1-877-798-3752.  Tesla's number for this recall is SB-21-21-001.",OTA Software,"MODEL S, MODEL X",2013–2018,2013,2018,9,134951,No,none,Fix delivered over the air. Scales to the full fleet without consuming service center capacity.
21V00B000,2021-12-21,2021,LATCHES/LOCKS/LINKAGES:HOOD:LATCH,"Tesla, Inc. (Tesla) is recalling certain 2014-2021 Model S vehicles.  The front trunk latch assembly may be misaligned, preventing the secondary hood latch from engaging.  As such, these vehicles fail to comply with the requirements of Federal Motor Vehicle Safety Standard number 113, ""Hood Latch System.""","If the primary latch is inadvertently released and the secondary latch is not engaged, the hood could open unexpectedly, obstructing the driver's view and increasing the risk of a crash.","Tesla Service will inspect and reposition the latch assembly as necessary, free of charge.  Owner notification letters were mailed February 18, 2022.  Owners may contact Tesla customer service at 1-877-798-3752.  Tesla's number for this recall is SB-21-11-003.",Other,MODEL S,2014–2021,2014,2021,8,130441,Yes,bay_hours,Unclassified or mixed remedy. Treated as capacity constrained by default so the planner errs conservative.
22V296000,2022-05-03,2022,BACK OVER PREVENTION:DISPLAY FUNCTION,"Tesla, Inc. (Tesla) is recalling certain 2021-2022 Model S, Model X, and 2022 Model 3 and Model Y vehicles operating certain firmware releases.  The infotainment central processing unit (CPU) may overheat during the preparation or process of fast-charging, causing the CPU to lag or restart.","A lagging or restarting CPU may prevent the center screen from displaying the rearview camera image, gear selection, windshield visibility control settings, and warning lights, increasing the risk of a crash.","Tesla will perform an over-the-air (OTA) software update that will improve CPU temperature management, free of charge.  Owner notification letters were mailed July 1, 2022.  Owners may contact Tesla customer service at 1-877-798-3752.  Tesla's number for this recall is SB-22-00-009.",OTA Software,"MODEL 3, MODEL S, MODEL X, MODEL Y",2021–2022,2021,2022,6,129960,No,none,Fix delivered over the air. Scales to the full fleet without consuming service center capacity.
24V376000,2024-05-28,2024,SEAT BELTS:FRONT:WARNING LIGHT/DEVICES,"Tesla, Inc. (Tesla) is recalling certain 2012-2024 Model S, 2015-2024 Model X, 2017-2023 Model 3, and 2020-2023 Model Y vehicles.  In the event of an unbelted driver, the seat belt warning light and audible chime may not activate as intended.  As such, these vehicles fail to comply with the requirements of Federal Motor Vehicle Safety Standard number 208, ""Occupant Crash Protection.""",A seat belt warning system that fails to alert occupants of an unbelted seat belt can increase the risk of injury during a crash.,"Tesla will release an over-the-air (OTA) software update.  Owner notification letters were mailed July 26, 2024.  Owners may contact Tesla customer service at 1-877-798-3752.  Tesla's number for this recall is SB-24-00-008.",OTA Software,"MODEL 3, MODEL S, MODEL X, MODEL Y",2013–2024,2013,2024,33,125233,No,none,Fix delivered over the air. Scales to the full fleet without consuming service center capacity.
23V862000,2023-12-19,2023,LATCHES/LOCKS/LINKAGES:DOORS:LATCH,"Tesla, Inc. (Tesla) is recalling certain 2021-2023 Model S and X vehicles.  The cabin doors can be unlocked during a crash.  As such, these vehicles fail to comply with the requirements of Federal Motor Vehicle Safety Standard number 214, ""Side Impact Protection.""","An unlocked door may unlatch and open during a crash, increasing the risk of injury.","Tesla has released an over-the-air (OTA) software update, free of charge.  Owner notification letters were mailed February 17, 2024.  Owners may contact Tesla customer service at 1-877-798-3752.  Tesla's number for this recall is SB-23-00-009.",OTA Software,"MODEL S, MODEL X",2022–2023,2022,2023,4,120423,No,none,Fix delivered over the air. Scales to the full fleet without consuming service center capacity.
18V204000,2018-03-29,2018,STEERING:ELECTRIC POWER ASSIST SYSTEM,"Tesla, Inc. (Tesla) is recalling certain 2012-2016 Tesla Model S vehicles equipped with Bosch steering racks.  The aluminum bolts that attach the power steering gear assist motor to the gear housing may corrode and fracture causing a reduction or complete loss of power steering assist.","Loss of power steering assist would require a higher steering effort, especially at lower speeds, which may increase the risk of a crash.","Tesla will notify owners, and Tesla Service Centers will replace the steering gear mounting bolts and add a corrosion-preventative sealer, free of charge.  The recall began May 7, 2019.  Owners may contact Tesla customer service at 1-877-798-3752.  Tesla's number for this recall is SB-18-32-002.",Hardware Service,MODEL S,2013–2016,2013,2016,4,70421,Yes,parts_supply_and_bay_hours,Physical part replacement. Throughput bounded by parts supply and technician bay hours.
19V002000,2019-01-07,2019,AIR BAGS:FRONTAL:PASSENGER SIDE:INFLATOR MODULE,"Tesla, Inc. (Tesla) is recalling all 2014-2016 Model S vehicles equipped with certain air bag inflators assembled as part of the passenger frontal air bag modules used as original equipment or replacement equipment.  In the event of a crash necessitating deployment of the passenger frontal air bag, these inflators may explode due to propellant degradation occurring after long-term exposure to absolute humidity and temperature cycling.",An inflator explosion may result in sharp metal fragments striking the driver or other occupants resulting in serious injury or death.,"Tesla will notify owners, and Tesla Service Centers will replace the passenger frontal air bag modules, free of charge.  The recall began May 29, 2019.  Owners may contact Tesla customer service at 1-877-798-3752.  Tesla's number for this recall is SB-19-20-001.",Hardware Service,MODEL S,2014–2016,2014,2016,3,68673,Yes,parts_supply_and_bay_hours,Physical part replacement. Throughput bounded by parts supply and technician bay hours.
25V699000,2025-10-15,2025,EXTERIOR LIGHTING,"Tesla, Inc. (Tesla) is recalling certain 2024-2026 Cybertruck vehicles operating software prior to 2025.38.3. The vehicle controller software may cause the front parking lights to be too bright and exceed the maximum light output, adversely affecting the vision of other drivers. As such, these vehicles fail to comply with the requirements of Federal Motor Vehicle Safety Standard (FMVSS) number 108, ""Lamps, Reflective Devices, and Associated Equipment.""","Parking lights that are too bright can reduce visibility of oncoming drivers, increasing the risk of a crash.","Tesla released an over-the-air (OTA) software update, free of charge. Owner notification letters were mailed December 12, 2025. Owners may contact Tesla customer service at 1-877-798-3752. Tesla's number for this recall is SB-25-00-008.",OTA Software,CYBERTRUCK,2024–2026,2024,2026,3,63619,No,none,Fix delivered over the air. Scales to the full fleet without consuming service center capacity.
15V780000,2015-11-23,2015,SEAT BELTS:FRONT,"Tesla Motors, Inc. (Tesla) is recalling certain model year 2012-2015 Model S vehicles manufactured May 31, 2012, to November 12, 2015.  The affected vehicles are equipped with driver or front passenger seat belts that may be improperly connected to the outboard lap pretensioner.","If the seat belt is not correctly attached to the pretensioner, it may not properly restrain the seat occupant in the event of a crash, increasing their risk of injury.","Tesla will notify owners, and service centers will inspect the driver and front passenger seat belts, correcting their connection, as necessary, free of charge.  The recall began on December 14, 2015.  Owners may contact Tesla customer service at 1-877-798-3752.  Tesla's number for this recall is SB-15-20-002.",Other,MODEL S,2013–2015,2013,2015,3,59415,Yes,bay_hours,Unclassified or mixed remedy. Treated as capacity constrained by default so the planner errs conservative.
23V679000,2023-10-11,2023,ELECTRICAL SYSTEM,"Tesla, Inc. (Tesla) is recalling certain 2021-2023 Model X vehicles.  The vehicle controller may fail to detect low brake fluid and will not display a warning light.  As such, these vehicles fail to comply with the requirements of Federal Motor Vehicle Safety Standard number 135, ""Light Vehicle Brake Systems.""","Without a warning light, the vehicle may be driven with low brake fluid, which can reduce braking performance and increase the risk of a crash.","Tesla has released an over-the-air (OTA) software update, free of charge.  Owner notification letters were mailed December 12, 2023.  Owners may contact Tesla customer service at 1-877-798-3752.  Tesla's number for this recall is SB-23-00-005.",OTA Software,MODEL X,2021–2023,2021,2023,3,54676,No,none,Fix delivered over the air. Scales to the full fleet without consuming service center capacity.
22V037000,2022-01-27,2022,ELECTRICAL SYSTEM:ADAS:AUTONOMOUS/SELF DRIVING:SOFTWARE,"Tesla, Inc. (Tesla) is recalling certain 2016-2022 Model S and Model X, 2017-2022 Model 3, and 2020-2022 Model Y vehicles.  The ""rolling stop"" functionality available as part of the Full Self-Driving (Beta) software may allow the vehicle to travel through an all-way stop intersection without first coming to a stop.",Failing to stop at a stop sign can increase the risk of a crash.,"Tesla will perform an over-the-air (OTA) software update that disables the ""rolling stop"" functionality, free of charge.  Owner notification letters were mailed March 28, 2022.  Owners may contact Tesla customer service at 1-877-798-3752.  Tesla's number for this recall is SB-22-00-001.",OTA Software,"MODEL 3, MODEL S, MODEL X, MODEL Y",2016–2022,2016,2022,23,53822,No,none,Fix delivered over the air. Scales to the full fleet without consuming service center capacity.
22V263000,2022-04-18,2022,ELECTRICAL SYSTEM: INSTRUMENT CLUSTER/PANEL,"Tesla, Inc. (Tesla) is recalling certain 2018-2022 Model 3 Performance vehicles.  The unit of speed (mph or km/h) may fail to display on the speedometer while in Track Mode.  As such, these vehicles fail to comply with the requirements of Federal Motor Vehicle Safety Standard number 101, ""Control and Displays.""","The driver may not know how fast the vehicle is traveling without the mph or km/h unit display, increasing the risk of a crash.","Tesla will perform an over-the-air (OTA) software update, free of charge.  Owner notification letters were mailed June 17, 2022.  Owners may contact Tesla customer service at 1-877-798-3752.  Tesla's number for this recall is SB-22-00-008.",OTA Software,MODEL 3,2018–2022,2018,2022,5,48184,No,none,Fix delivered over the air. Scales to the full fleet without consuming service center capacity.
25V170000,2025-03-18,2025,STRUCTURE:BODY,"Tesla, Inc. (Tesla) is recalling certain 2024-2025 Cybertruck vehicles.  The light bar can delaminate and detach from the vehicle.","A detached light bar can become a road hazard, increasing the risk of a crash.","Tesla service will replace the cant rail assembly, free of charge.  Owner notification letters were mailed September 19, 2025.  Owners may contact Tesla customer service at 1-877-798-3752.  Tesla's number for this recall is SB-25-10-001.",Hardware Service,CYBERTRUCK,2024–2025,2024,2025,2,46096,Yes,parts_supply_and_bay_hours,Physical part replacement. Throughput bounded by parts supply and technician bay hours.
22V818000,2022-11-01,2022,STEERING:ELECTRIC POWER ASSIST SYSTEM,"Tesla, Inc. (Tesla) is recalling certain 2017-2021 Model S and Model X vehicles.  The electronic power assist steering (EPAS) system may experience a loss of power steering assist when driving on rough roads or after hitting a pothole.","A loss of power steering assist can require greater steering effort, especially at low speeds, increasing the risk of a crash.","Tesla has released an over-the-air (OTA) software update to recalibrate the EPAS system, free of charge.  Owner notification letters were mailed December 31, 2022.  Owners may contact Tesla customer service at 1-877-798-3752.  Tesla's number for this recall is SB-22-00-014.",OTA Software,"MODEL S, MODEL X",2017–2021,2017,2021,10,40168,No,none,Fix delivered over the air. Scales to the full fleet without consuming service center capacity.
17V260000,2017-04-19,2017,PARKING BRAKE,"Tesla, Inc. (Tesla) is recalling certain 2016 Model S and Model X vehicles.  The electric parking brake calipers have an internal gear that may be improperly manufactured, possibly resulting in the gear fracturing during parking brake application or release.","If the gear breaks during parking brake release, the vehicle will not be able to be moved.  If the gear breaks during parking brake application, the parking brake may not adequately hold the vehicle, potentially resulting in the vehicle rolling, increasing the risk of a crash.","Tesla will notify owners, and service centers will replace both the left and right electric parking brake calipers, free of charge.  The recall began March 6, 2018.  Owners may contact Tesla customer service at 1-877-798-3752.  Tesla's number for this recall is SB-17-33-002.",Hardware Service,"MODEL S, MODEL X",2013–2017,2013,2017,6,31709,Yes,parts_supply_and_bay_hours,Physical part replacement. Throughput bounded by parts supply and technician bay hours.
22V843000,2022-11-15,2022,AIR BAGS: AIR BAG/RESTRAINT CONTROL MODULE:SOFTWARE,"Tesla, Inc. (Tesla) is recalling certain 2021-2023 Model X vehicles.  The restraint control module (RCM) calibration may cause the front passenger air bag to deploy incorrectly during certain low speed crashes.  As such, these vehicles fail to comply with the requirements of Federal Motor Vehicle Safety Standard number 208, ""Occupant Crash Protection.""",A passenger air bag that does not deploy as intended increases the risk of injury during a crash.,"Tesla has released an over-the-air (OTA) software update to recalibrate the RCM, free of charge.  Owner notification letters were mailed January 14, 2023.  Owners may contact Tesla customer service at 1-877-798-3752.  Tesla's number for this recall is SB-22-00-015.",OTA Software,MODEL X,2021–2023,2021,2023,3,29348,No,none,Fix delivered over the air. Scales to the full fleet without consuming service center capacity.
24V718000,2024-09-26,2024,BACK OVER PREVENTION:SOFTWARE,"Tesla, Inc. (Tesla) is recalling certain 2024 Cybertruck vehicles.  The rearview camera image may be delayed after shifting into reverse.  As such, these vehicles fail to comply with the requirements of Federal Motor Vehicle Safety Standard (FMVSS) number 111, ""Rear Visibility.""","A delayed rearview image reduces the driver's view of what is behind the vehicle, increasing the risk of a crash.","Tesla released an over-the-air (OTA) software update, free of charge.  Owner notification letters were mailed November 25, 2024.  Owners may contact Tesla customer service at 1-877-798-3752.  Tesla's number for this recall is SB-24-00-016.",OTA Software,CYBERTRUCK,2024–2024,2024,2024,1,27185,No,none,Fix delivered over the air. Scales to the full fleet without consuming service center capacity.
22V050000,2022-02-02,2022,ELECTRICAL SYSTEM:SOFTWARE,"Tesla, Inc. (Tesla) is recalling certain 2021-2022 Model 3, Model S, Model X, and 2020-2022 Model Y vehicles.  A software error may cause a valve in the heat pump to open unintentionally and trap the refrigerant inside the evaporator, resulting in decreased defrosting performance.  As such, these vehicles fail to comply with the requirements of Federal Motor Vehicle Safety Standard number 103, ""Windshield Defrosting and Defogging Systems.""","Decreased defrosting performance may reduce the driver's visibility, increasing the risk of a crash.","Tesla will perform an over-the-air (OTA) software update, free of charge.  Owner notification letters were mailed April 1, 2022.  Owners may contact Tesla customer service at 1-877-798-3752.  Tesla's number for this recall is SB-22-18-002.",OTA Software,"MODEL 3, MODEL S, MODEL X, MODEL Y",2020–2022,2020,2022,9,26681,No,none,Fix delivered over the air. Scales to the full fleet without consuming service center capacity.
22V798000,2022-10-21,2022,SEAT BELTS:REAR/OTHER:ANCHORAGE,"Tesla, Inc. (Tesla) is recalling certain 2017-2022 Model 3 vehicles.  The second-row left seat belt buckle and second-row center seat
belt anchor may have been incorrectly reassembled during vehicle service.","An incorrectly reassembled seat belt anchor can impair the performance of the seat belt during a crash, increasing the risk of injury.","Tesla Service will inspect and reassemble the seat belt anchors as necessary, free of charge.  Owner notification letters were mailed December 20, 2022.  Owners may contact Tesla customer service at 1-877-798-3752.  Tesla's number for this recall is SB-22-20-004.",Other,MODEL 3,2017–2022,2017,2022,6,24064,Yes,bay_hours,Unclassified or mixed remedy. Treated as capacity constrained by default so the planner errs conservative.
14V006000,2014-01-13,2014,EQUIPMENT:ELECTRICAL,"Tesla Motors, Inc. (Tesla) is recalling certain model year 2013 Model S vehicles equipped for, and delivered with, certain NEMA 14-50 (240 volt) Universal Mobile Connector (UMC) adapters.  During charging, the adapter, cord, or wall outlet could overheat.","An overheated adapter, cord, or wall outlet increases the risk of burn injury and/or fire.","Tesla will notify owners and provide an over-the-air (OTA) software update.  Some owners have already received this update.  This update allows the Model S on board charging system to detect any unexpected fluctuations in the input power or higher resistance connections to the vehicle.  If detected, the onboard charging system will automatically reduce the charging current by 25%.   Tesla owners can verify that they have received the updated software (version 5.8.4 or later) by viewing the vehicle's center information screen.  Additionally, Tesla will mail owners a replacement NEMA 14-50 adapter that is equipped with an internal thermal fuse.  The recall began on March 14, 2014.  Owners may contact Tesla Service Center at 1-877-79-TESLA (1-877-798-3752).",OTA Software,MODEL S,2013–2013,2013,2013,1,21081,No,none,Fix delivered over the air. Scales to the full fleet without consuming service center capacity.
18V031000,2018-01-09,2018,AIR BAGS:FRONTAL:PASSENGER SIDE:INFLATOR MODULE,"Tesla, Inc. (Tesla) is recalling all 2013 Model S vehicles equipped with certain air bag inflators assembled as part of the passenger frontal air bag modules used as original equipment or replacement equipment.  In the event of a crash necessitating deployment of the passenger frontal air bag, these inflators may explode due to propellant degradation occurring after long-term exposure to absolute humidity and temperature cycling.",An inflator explosion may result in sharp metal fragments striking the driver or other occupants resulting in serious injury or death.,"Tesla will notify owners, and Tesla Service Centers will replace the passenger frontal air bag modules, free of charge.  The recall is expected to begin in March 2018.  Owners may contact Tesla customer service at 1-877-798-3752.  Tesla's number for this recall is SB-18-20-001.",Hardware Service,MODEL S,2013–2013,2013,2013,1,17846,Yes,parts_supply_and_bay_hours,Physical part replacement. Throughput bounded by parts supply and technician bay hours.
23V488000,2023-07-14,2023,SEAT BELTS:FRONT,"Tesla, Inc. (Tesla) is recalling certain 2021-2023 Model S and Model X vehicles.  The front-row seat belts may not be connected properly to the pretensioner anchors, which can cause the seat belts to detach.","A detached seat belt may not properly restrain an occupant during a crash, increasing the risk of injury.","Tesla Service will inspect the front-row seat belts and connect the seat belts to pretensioner anchors, or replace the seat belt assemblies, as necessary, free of charge.  Owner notification letters were mailed September 12, 2023.  Owners may contact Tesla customer service at 1-877-798-3752.  Tesla's number for this recall is SB-23-20-004.",Inspect & Replace,"MODEL S, MODEL X",2021–2023,2021,2023,6,15869,Yes,bay_hours,Every vehicle must be inspected; only a subset needs the part. Highest capacity cost per affected vehicle.
26V315000,2026-05-19,2026,EQUIPMENT:OTHER:LABELS,"Tesla, Inc. (Tesla) is recalling certain 2025-2026 Model Y vehicles. The certification label may not have been installed. As such, these vehicles fail to comply with the requirements of 49 C.F.R. Part 567, ""Certification.""","Missing weight information provided by the label may lead to unintentionally overloading the vehicle, increasing the risk of a crash.","Tesla Service will inspect and install a certification label as necessary, free of charge. Owner notification letters are expected to be mailed July 17, 2026. Owners may contact Tesla customer service at 1-877-798-3752. Tesla's number for this recall is SB-26-19-002.",Hardware Service,MODEL Y,2025–2026,2025,2026,2,14575,Yes,parts_supply_and_bay_hours,Physical part replacement. Throughput bounded by parts supply and technician bay hours.
20V062000,2020-02-05,2020,STEERING:ELECTRIC POWER ASSIST SYSTEM,"Tesla, Inc. (Tesla) is recalling certain 2015-2016 Model X vehicles.  The aluminum bolts that attach the power steering gear assist motor to the gear housing may corrode and fracture causing a reduction or complete loss of power steering assist.","Loss of power steering assist would require a higher steering effort, especially at lower speeds, which may increase the risk of a crash.","Tesla will notify owners, and Tesla Service Centers will replace the steering gear mounting bolts with coated steel bolts, and add a
corrosion-preventative sealer to the steering gear motor housing and motor connection bolts. If the mounting bolts are found to be broken or break during removal and cannot be removed, a new steering gear will also be installed. All services will be performed free of charge. The recall began February 15, 2021. Owners may contact Tesla customer service at 1-877-798-3752.",Hardware Service,MODEL X,2015–2016,2015,2016,2,14113,Yes,parts_supply_and_bay_hours,Physical part replacement. Throughput bounded by parts supply and technician bay hours.
25V690000,2025-10-10,2025,"ELECTRICAL SYSTEM:PROPULSION SYSTEM:FUSES, RELAYS, CONTACTS, AND SHUNTS","Tesla, Inc. (Tesla) is recalling certain 2025 Model 3 and 2026 Model Y vehicles. The battery pack contactors may fail, causing a loss of drive power.",A loss of drive power can increase the risk of a crash.,"Tesla Service will replace the battery pack contactors, free of charge. Owner notification letters were mailed December 9, 2025. Owners may contact Tesla customer service at 1-877-798-3752. Tesla's number for this recall is SB-25-16-005.",Hardware Service,"MODEL 3, MODEL Y",2025–2026,2025,2026,2,12963,Yes,parts_supply_and_bay_hours,Physical part replacement. Throughput bounded by parts supply and technician bay hours.
24V457000,2024-06-19,2024,STRUCTURE:BODY,"Tesla, Inc. (Tesla) is recalling certain 2024 Cybertruck vehicles.  The trunk bed trim sail applique could have been improperly adhered and can loosen.","A loose applique can detach from the vehicle, creating a road hazard for following motorists and increasing the risk of a crash.","Tesla service will apply adhesion promoter and pressure sensitive tape or replace missing applique as necessary, free of charge.  Owner notification letters were mailed August 18, 2024.  Owners may contact Tesla customer service at 1-877-798-3752.  Tesla's number for this recall is SB-24-12-006.",Hardware Service,CYBERTRUCK,2024–2024,2024,2024,1,12150,Yes,parts_supply_and_bay_hours,Physical part replacement. Throughput bounded by parts supply and technician bay hours.
21V846000,2021-10-29,2021,FORWARD COLLISION AVOIDANCE: SENSING SYSTEM: CAMERA,"Tesla, Inc. (Tesla) is recalling certain 2017-2021 Model S, Model 3, Model X, and 2020-2021 Model Y vehicles operating software version 2021.36.5.2.  A communication error may cause false forward-collision warning (FCW) or unexpected activation of the automatic emergency brake (AEB) system.","Unexpected activation of the AEB system may cause the car to stop suddenly, increasing the risk of a crash.","Tesla Service has released an over-the-air (OTA) software update, free of charge.  The recall began October 25, 2021.  Owners may contact Tesla customer service at 1-877-798-3752.  Tesla's number for this recall is SB-21-00-004.",OTA Software,"MODEL 3, MODEL S, MODEL X, MODEL Y",2017–2021,2017,2021,17,11728,No,none,Fix delivered over the air. Scales to the full fleet without consuming service center capacity.
24V456000,2024-06-19,2024,VISIBILITY:WINDSHIELD WIPER/WASHER:MOTOR,"Tesla, Inc. (Tesla) is recalling certain 2024 Cybertruck vehicles.  Excessive electrical current can cause the front windshield wiper motor controller to fail.","Windshield wiper failure can reduce visibility, increasing the risk of a crash.","Tesla service will replace the wiper motor, free of charge.  Owner notification letters were mailed October 1, 2024.  Owners may contact Tesla customer service at 1-877-798-3752.  Tesla's number for this recall is SB-24-17-006.",Hardware Service,CYBERTRUCK,2024–2024,2024,2024,1,11688,Yes,parts_supply_and_bay_hours,Physical part replacement. Throughput bounded by parts supply and technician bay hours.
24V615000,2024-08-15,2024,STRUCTURE:BODY,"Tesla, Inc. (Tesla) is recalling certain 2016 Model X vehicles.  The front and center roof cosmetic trim pieces may be adhered to the vehicle without primer.  As a result, one or both pieces of trim may separate from the vehicle.",Trim that separates from the vehicle during use can create a road hazard and increase the risk of a crash.,"Tesla service will test the roof trim adhesion and reattach the trim pieces as necessary, free of charge.  Owner notification letters were mailed October 14, 2024.  Owners may contact Tesla customer service at 1-877-798-3752.  Tesla's number for this recall is SB-24-12-008.  Vehicles previously repaired under recall 20V-710 will need to have the new inspection and remedy completed.",Hardware Service,MODEL X,2016–2016,2016,2016,1,9136,Yes,parts_supply_and_bay_hours,Physical part replacement. Throughput bounded by parts supply and technician bay hours.
20V710000,2020-11-17,2020,STRUCTURE:BODY,"Tesla, Inc. (Tesla) is recalling certain 2016 Model X vehicles.  The front and spine cosmetic roof trim may have been adhered to the vehicle without first using primer.  As a result, one or both pieces of trim may separate from the vehicle while moving.",Trim that separates from the vehicle during use can cause a road hazard and increase the risk of a crash.,"Tesla will notify owners, and dealers will test the roof trim adhesion, and, as necessary, apply primer, free of charge.  The recall began January 15, 2021.  Owners may contact Tesla customer service at 1-877-798-3752.  Tesla's number for this recall is SB-20-12-005.  This recall has been superseded by Recall 24V615 (SB-24-12-008).",Other,MODEL X,2016–2016,2016,2016,1,9136,Yes,bay_hours,Unclassified or mixed remedy. Treated as capacity constrained by default so the planner errs conservative.
21V868000,2021-11-09,2021,AIR BAGS,"Tesla, Inc. (Tesla) is recalling certain 2021 Model X and Model S vehicles.  The driver's air bag cushion may tear during deployment.","A torn air bag may not adequately protect an occupant in a crash, increasing their risk of injury.","Tesla Service will replace the driver's air bag, free of charge.  Owner notification letters were mailed January 7, 2022.  Owners may contact Tesla customer service at 1-877-798-3752.  Tesla's number for this recall is SB-21-20-007.",Hardware Service,"MODEL S, MODEL X",2021–2021,2021,2021,2,7600,Yes,parts_supply_and_bay_hours,Physical part replacement. Throughput bounded by parts supply and technician bay hours.
22V233000,2022-04-08,2022,AIR BAGS:SIDE/WINDOW:CURTAIN,"Tesla, Inc. (Tesla) is recalling certain 2021-2022 Model X vehicles.  The left or right front-row side curtain air bags may not deploy as intended when the windows are lowered.  As such, these vehicles fail to comply with the requirements of Federal Motor Vehicle Safety Standard number 226, ""Ejection Mitigation.""",Improper side curtain air bag deployment can increase the risk of injury during a crash.,"Tesla Service Centers will replace the left and right front-row side curtain air bags, free of charge.  Owner notification letters were mailed July 16, 2022.  Owners may contact Tesla customer service at 1-877-798-3752.  Tesla's number for this recall is SB-22-20-003.",Hardware Service,MODEL X,2021–2022,2021,2022,2,7289,Yes,parts_supply_and_bay_hours,Physical part replacement. Throughput bounded by parts supply and technician bay hours.
24V153000,2024-02-27,2024,FORWARD COLLISION AVOIDANCE: WARNINGS:EXTERNAL/PEDESTRIAN ALERT,"Tesla, Inc. (Tesla) is recalling certain 2013, 2018-2021 Model S, 2020-2021 Model X, 2018-2022 Model 3, and 2020-2022 Model Y vehicles.  A factory reset muted the Pedestrian Warning System (PWS) sounds.  As such, these vehicles fail to comply with the requirements of Federal Motor Vehicle Safety Standard number 141, ""Minimum Sound Requirements for Hybrid and Electric Vehicles.""","Pedestrians may be unaware of an approaching vehicle if the PWS sounds are muted, increasing the risk of a crash.","Tesla released an over-the-air (OTA) software update, release 2023.44.30.14, free of charge.  Owner notification letters were mailed April 27, 2024.  Owners may contact Tesla customer service at 1-877-798-3752.  Tesla's number for this recall is SB-24-00-006.",OTA Software,"MODEL 3, MODEL S, MODEL X, MODEL Y",2013–2022,2013,2022,15,6557,No,none,Fix delivered over the air. Scales to the full fleet without consuming service center capacity.
25V735000,2025-10-28,2025,EXTERIOR LIGHTING,"Tesla, Inc. (Tesla) is recalling certain 2024 Cybertruck vehicles equipped with a service-installed off-road light bar accessory. An incorrect surface primer may have been used to attach the lightbar to the windshield, causing the light bar to loosen and detach.","A detached light bar may fall, creating a road hazard for other vehicles and increasing the risk of a crash.","Tesla Service will inspect the light bar and install an additional mechanical attachment or replace the light bar using tape to adhere the light bar to the windshield as well as an additional mechanical attachment as necessary, free of charge. Owner notification letters were mailed April 9, 2026. Owners may contact Tesla customer service at 1-877-798-3752. Tesla's number for this recall is SB-25-90-001.",Inspect & Replace,CYBERTRUCK,2024–2024,2024,2024,1,6197,Yes,bay_hours,Every vehicle must be inspected; only a subset needs the part. Highest capacity cost per affected vehicle.
21V387000,2021-05-25,2021,"SERVICE BRAKES, HYDRAULIC:FOUNDATION COMPONENTS:DISC:CALIPER","Tesla, Inc. (Tesla) is recalling certain 2019-2021 Model 3 and 2020-2021 Model Y vehicles.  The brake caliper bolts may be loose, allowing the brake caliper to separate and contact the wheel rim.","Contact with the rim may cause a loss of tire pressure, increasing the risk of a crash.","Tesla Service will inspect and tighten, or replace the caliper bolts as necessary, free of charge.  Owner notification letters were mailed July 23, 2021.  Owners may contact Tesla customer service online by visiting www.tesla.com/support/contact or by calling 1-877-79-TESLA (or 1-877-798-3752).  Tesla's number for this recall is SB-21-33-002.",Inspect & Replace,"MODEL 3, MODEL Y",2019–2021,2019,2021,5,5974,Yes,bay_hours,Every vehicle must be inspected; only a subset needs the part. Highest capacity cost per affected vehicle.
21V389000,2021-05-25,2021,SEAT BELTS,"Tesla, Inc. (Tesla) is recalling certain 2018-2020 Model 3 and 2019-2021 Model Y vehicles.  One or both fasteners that secure the front seat shoulder belt to the b-pillar may not be properly attached.","An improperly attached fastener may prevent the seat belt system from performing as designed, increasing the risk of injury.","Tesla Service will inspect and repair both fasteners if necessary, free of charge.  Owner notification letters were mailed July 23, 2021.  Owners may contact Tesla customer service online by visiting www.tesla.com/support/contact or by calling 1-877-79-TESLA (or 1-877-798-3752).  Tesla's number for this recall is SB-21-20-001.",Hardware Service,"MODEL 3, MODEL Y",2018–2021,2018,2021,6,5530,Yes,parts_supply_and_bay_hours,Physical part replacement. Throughput bounded by parts supply and technician bay hours.
17V639000,2017-10-12,2017,SEATS:MID/REAR ASSEMBLY,"Tesla, Inc. (Tesla) is recalling certain 2016-2017 Model X vehicles.  The left-side, second row, reclining seat backs may not fully latch due to having incorrectly adjusted recliner mechanism cables.  As such, these vehicles fail to comply with the requirements of Federal Motor Vehicle Safety Standard (FMVSS) number 207, ""Seating Systems,"" and 210, ""Seat Belt Assembly Anchorages.""","If the seat back moves forward in the event of a crash, it can increase the risk of injury.","Tesla will notify owners, and Tesla service technicians will correct the cable adjustment for the left-side, fold-flat, second row, seat recliner mechanism, free of charge.  The recall began on November 10, 2017.  Owners may contact Tesla customer service at 1-877-798-3752.  Tesla's number for this recall is SB-17-13-004.",Other,MODEL X,2016–2017,2016,2017,2,4582,Yes,bay_hours,Unclassified or mixed remedy. Treated as capacity constrained by default so the planner errs conservative.
24V276000,2024-04-17,2024,VEHICLE SPEED CONTROL:ACCELERATOR PEDAL,"Tesla, Inc. (Tesla) is recalling certain 2024 Cybertruck vehicles.  The accelerator pedal pad may dislodge and cause the pedal to become trapped by the interior trim.","A trapped accelerator pedal can cause the vehicle to accelerate unintentionally, increasing the risk of a crash.","Tesla service will replace or repair the accelerator pedal assembly, free of charge.  Owner notification letters were mailed June 18, 2024.  Owners may contact Tesla customer service at 1-877-798-3752.  Tesla's number for this recall is SB-24-33-003.",Hardware Service,CYBERTRUCK,2024–2024,2024,2024,1,3878,Yes,parts_supply_and_bay_hours,Physical part replacement. Throughput bounded by parts supply and technician bay hours.
23V130000,2023-02-27,2023,SEATS:CRITICAL FASTENERS,"Tesla, Inc. (Tesla) is recalling certain 2022-2023 Model Y vehicles.  The bolts securing the second-row seat back frames may not have been securely tightened.","A loose seat frame bolt may reduce the seat belt system's performance, increasing the risk of injury during a crash.","Tesla Service Centers will inspect and tighten the bolts as necessary, free of charge.  Owner notification letters are expected to be mailed April 25, 2023.  Owners may contact Tesla customer service at 1-877-798-3752.  Tesla's number for this recall is SB-23-13-001.",Hardware Service,MODEL Y,2022–2023,2022,2023,2,3470,Yes,parts_supply_and_bay_hours,Physical part replacement. Throughput bounded by parts supply and technician bay hours.
21V835000,2021-10-25,2021,SUSPENSION:CRITICAL FASTENERS,"Tesla, Inc. (Tesla) is recalling certain 2020-2021 Model Y and 2019-2021 Model 3 vehicles.  The front suspension lateral link fasteners may loosen, allowing the lateral link to separate from the sub-frame.","A lateral link separation could shift the wheel alignment, causing instability and increasing the risk of a crash.","Tesla Service will tighten or replace the lateral link fasteners as necessary, free of charge.  Owner notification letters were mailed December 20, 2021.  Owners may contact Tesla customer service at 1-877-798-3752.  Tesla's number for this recall is SB-21-31-003.",Hardware Service,"MODEL 3, MODEL Y",2019–2021,2019,2021,5,2791,Yes,parts_supply_and_bay_hours,Physical part replacement. Throughput bounded by parts supply and technician bay hours.
16V192000,2016-04-06,2016,SEATS:MID/REAR ASSEMBLY,"Tesla Motors, Inc. (Tesla) is recalling certain model year 2016 Model X vehicles manufactured September 29, 2015, to March 30, 2016.  In the affected vehicles, the third row seat back may move forward under load such as in a frontal collision.  As such, the vehicles do not conform to Federal Motor Vehicle Safety Standard (FMVSS) number 207, ""Seating Systems.""","If the third row seat does not remain in its adjusted position, there may be an increased risk of injury to an occupant in the event of a crash.","Tesla will notify owners, and dealers will replace all affected third row seats, free of charge.  The recall began on April 20, 2016.  Owners may contact Tesla customer service at 1-844-248-3752 or by email at ServiceHelpNA@teslamotors.com.  Tesla's number for this recall is SB-16-13-003",Hardware Service,MODEL X,2016–2016,2016,2016,1,2676,Yes,parts_supply_and_bay_hours,Physical part replacement. Throughput bounded by parts supply and technician bay hours.
20V609000,2020-09-30,2020,EXTERIOR LIGHTING,"Tesla, Inc. (Tesla) is recalling certain 2020 Model Y vehicles equipped with a global rear lamp and tow package configuration.  A software error prevents the illumination of trailer brake lights.  As such, these vehicles fail to comply with the requirements of Federal Motor Vehicle Safety Standard number 108, ""Lamps, Reflective Devices, and Associated Equipment.""",Trailer brake lights that fail to illuminate during braking increase the risk of a crash.,"Tesla will notify owners, and has released the firmware update over-the-air (OTA) to vehicles as of September 23, 2020.  Owners may contact Tesla customer service at 1-877-798-3752.  Tesla's number for this recall is SB-20-00-002.",OTA Software,MODEL Y,2020–2020,2020,2020,1,2567,No,none,Fix delivered over the air. Scales to the full fleet without consuming service center capacity.
24V832000,2024-11-05,2024,ELECTRICAL SYSTEM:PROPULSION SYSTEM:INVERTER,"Tesla, Inc. (Tesla) is recalling certain 2024 Cybertruck vehicles.  A fault in the drive inverter may cause a loss of drive power to the wheels.",A loss of drive power can increase the risk of a crash.,"Tesla service will replace the drive inverter, free of charge.  Owner notification letters were mailed January 4, 2025.  Owners may contact Tesla customer service at 1-877-798-3752.  Tesla's number for this recall is SB-24-40-009.",Hardware Service,CYBERTRUCK,2024–2024,2024,2024,1,2431,Yes,parts_supply_and_bay_hours,Physical part replacement. Throughput bounded by parts supply and technician bay hours.
21V388000,2021-05-25,2021,SEAT BELTS:REAR/OTHER:RETRACTOR,"Tesla, Inc. (Tesla) is recalling certain 2019-2021 Model Y vehicles.  One or both fasteners that secure the left and right second row seat belt retractors may not be properly attached.","Improperly attached fasteners may prevent the seat belt retention system from performing as designed, increasing the risk of injury.","Tesla Service will inspect and replace both fasteners if necessary, free of charge.  Owner notification letters were mailed July 23, 2021.  Owners may contact Tesla customer service online by visiting www.tesla.com/support/contact or by calling 1-877-79-TESLA (or 1-877-798-3752).  Tesla's number for this recall is SB-21-20-002.",Inspect & Replace,MODEL Y,2019–2021,2019,2021,3,2166,Yes,bay_hours,Every vehicle must be inspected; only a subset needs the part. Highest capacity cost per affected vehicle.
23V489000,2023-07-14,2023,FORWARD COLLISION AVOIDANCE: SENSING SYSTEM: CAMERA,"Tesla, Inc. (Tesla) is recalling certain 2023 Model S, Model X, and Model Y vehicles.  The forward-facing camera may be misaligned, causing some of the active safety features such as emergency braking, forward collision warning, and lane assist to become unavailable without alerting the driver.",Safety features that are unavailable without any warning to the driver may increase the risk of a crash.,"Tesla Service will inspect and adjust the pitch angle, as necessary, free of charge.  Owner notification letters were mailed September 12, 2023.  Owners may contact Tesla customer service at 1-877-798-3752.  Tesla's number for this recall is SB-23-17-006.",Other,"MODEL S, MODEL X, MODEL Y",2023–2023,2023,2023,3,1337,Yes,bay_hours,Unclassified or mixed remedy. Treated as capacity constrained by default so the planner errs conservative.
13V249000,2013-06-14,2013,SEATS,"Tesla Motors, Inc. (Tesla) is recalling certain model year 2013 Model S electric vehicles manufactured May 10, 2013, through June 8, 2013.  An improper method for aligning the left hand seat back striker to the bracket may have weakened the weld between the bracket and the frame of the vehicle.","In the event of a crash, the left hand seat back may not stay mounted, increasing the risk of injury to passengers.","Tesla will notify owners, and Tesla Service Centers will inspect the left hand second row strikers.  Tesla will add additional mounting hardware to ensure a proper joint between the bracket and the frame, free of charge.  The recall began on June 24, 2013.  Owners may contact Tesla at 1-650-681-5000.",Other,MODEL S,2013–2013,2013,2013,1,1228,Yes,bay_hours,Unclassified or mixed remedy. Treated as capacity constrained by default so the planner errs conservative.
22V169000,2022-03-18,2022,BACK OVER PREVENTION:DISPLAY FUNCTION,"Tesla, Inc. (Tesla) is recalling certain 2018-2019 Model S, Model X, and 2017-2020 Model 3 vehicles equipped with Autopilot Computer 2.5 and operating certain firmware releases.  The rearview image may not immediately display when the vehicle begins to reverse.  As such, these vehicles fail to comply with the requirements of Federal Motor Vehicle Safety Standard number 111, ""Rear Visibility.""","A delayed rearview camera image reduces the driver's rear view, increasing the risk of a crash.","Tesla will perform an over-the-air (OTA) software update, free of charge.  Owner notification letters were mailed May 17, 2022.  Owners may contact Tesla customer service at 1-877-798-3752.  Tesla's number for this recall is SB-22-00-004.",OTA Software,"MODEL 3, MODEL S, MODEL X",2017–2020,2017,2020,8,947,No,none,Fix delivered over the air. Scales to the full fleet without consuming service center capacity.
21V912000,2021-11-21,2021,SUSPENSION,"Tesla, Inc. (Tesla) is recalling certain 2020-2022 Model Y vehicles.  The front and rear suspension knuckles may fracture, causing the suspension links to separate.","Suspension links that separate can reduce vehicle stability and control, increasing the risk of a crash.","Tesla Service will inspect and replace the knuckles as necessary, free of charge.  Owner notification letters were mailed January 18, 2022.  Owners may contact Tesla customer service at 1-877-798-3752.  Tesla's number for this recall is SB-21-31-004.",Inspect & Replace,MODEL Y,2020–2022,2020,2022,3,826,Yes,bay_hours,Every vehicle must be inspected; only a subset needs the part. Highest capacity cost per affected vehicle.
24V967000,2024-12-24,2024,AIR BAGS:FRONTAL:DRIVER SIDE:CUSHION,"Tesla, Inc. (Tesla) is recalling certain 2021-2025 Model S and Model X vehicles.  The driver's air bag could tear during deployment.  As such, these vehicles fail to comply with the requirements of Federal Motor Vehicle Safety Standard (FMVSS) numbers 208, ""Occupant Crash Protection"" and 212, ""Windshield Mounting.""","A torn air bag may not adequately protect an occupant in a crash, increasing the risk of injury.","Tesla service will replace the air bag assembly, free of charge.  Owner notification letters were mailed February 21, 2025.  Owners may contact Tesla customer service at 1-877-798-3752.  Tesla's number for this recall is SB-24-20-001.",Hardware Service,"MODEL S, MODEL X",2021–2025,2021,2025,10,487,Yes,parts_supply_and_bay_hours,Physical part replacement. Throughput bounded by parts supply and technician bay hours.
23V235000,2023-03-31,2023,SUSPENSION:FRONT,"Tesla, Inc. (Tesla) is recalling certain 2018-2019 Model 3 vehicles.  The front suspension lateral link fasteners may loosen, allowing the lateral link to separate from the sub-frame.","A lateral link separation could shift the wheel alignment, causing instability and increasing the risk of a crash.","Tesla Service will tighten or replace the lateral link fasteners as necessary, free of charge.  Owner notification letters were mailed May 30, 2023.  Owners may contact Tesla customer service at 1-877-798-3752.  Tesla's number for this recall is SB-23-31-001.  This recall is an expansion of previous recall number 21V-835.",Hardware Service,MODEL 3,2018–2019,2018,2019,2,422,Yes,parts_supply_and_bay_hours,Physical part replacement. Throughput bounded by parts supply and technician bay hours.
20V709000,2020-11-17,2020,SUSPENSION:FRONT:CONTROL ARM,"Tesla, Inc. (Tesla) is recalling certain 2020 Model Y vehicles.  The bolts connecting the front upper control arm and steering knuckle may have not been properly tightened, allowing the upper control arm to detach from the steering knuckle.","A detached upper control arm can cause the wheels to lean in or out, decreasing the driver's ability to steer and increasing the risk of a crash.","Tesla will notify owners, and dealers will inspect, and as necessary, tighten the bolts, free of charge.  The recall began January 15, 2021.  Owners may contact Tesla customer service at 1-877-798-3752.  Tesla's number for this recall is SB-20-31-012.",Hardware Service,MODEL Y,2020–2020,2020,2020,1,401,Yes,parts_supply_and_bay_hours,Physical part replacement. Throughput bounded by parts supply and technician bay hours.
25V658000,2025-10-01,2025,ELECTRICAL SYSTEM:WIRING,"Tesla, Inc. (Tesla) is recalling certain 2026 Model Y vehicles. The reverse lights may fail to illuminate while the vehicle is in reverse, due to a defect in the wiring. As such, these vehicles fail to comply with the requirements of Federal Motor Vehicle Safety Standard (FMVSS) number 108, ""Lamps, Reflective Devices, and Associated Equipment.""","Reverse lights that fail to illuminate reduce visibility and may not alert pedestrians or other drivers that the vehicle is backing up, increasing the risk of a crash.","Tesla Service will replace the reverse lights and reverse facia harness, free of charge. Owner notification letters were mailed November 26, 2025. Owners may contact Tesla customer service at 1-877-798-3752. Tesla's number for this recall is SB-25-17-011.",Hardware Service,MODEL Y,2026–2026,2026,2026,1,260,Yes,parts_supply_and_bay_hours,Physical part replacement. Throughput bounded by parts supply and technician bay hours.
23V743000,2023-11-03,2023,STEERING: STEERING WHEEL/HANDLE BAR,"Tesla, Inc. (Tesla) is recalling certain 2021-2024 Model S and Model X vehicles.  An incorrect air bag may have been installed when the steering yoke or round steering wheel was replaced with a different style of yoke or steering wheel.","An air bag that is not designed to function with the replacement steering yoke or wheel may deploy incorrectly, increasing the risk of injury during a crash.","Tesla Service will inspect and replace the driver air bag as necessary, free of charge.  Owner notification letters were mailed January 2, 2024.  Owners may contact Tesla customer service at 1-877-798-3752.  Tesla's number for this recall is SB-23-20-005.",Inspect & Replace,"MODEL S, MODEL X",2021–2024,2021,2024,8,194,Yes,bay_hours,Every vehicle must be inspected; only a subset needs the part. Highest capacity cost per affected vehicle.
26V255000,2026-04-22,2026,WHEELS:LUGS/NUTS/BOLTS/STUDS,"Tesla, Inc. (Tesla) is recalling certain 2024-2026 Cybertruck vehicles equipped with 18-inch steel wheels. The brake rotor stud holes may crack and allow the stud to separate from the wheel hub.","Wheel stud separation can cause a loss of vehicle control, increasing the risk of a crash.","Tesla Service will replace the front and rear brake rotors, hubs, and lug nuts, free of charge. Owner notification letters were mailed June 20, 2026. Owners may contact Tesla customer service at 1-877-798-3752. Tesla's number for this recall is SB-26-33-003.",Hardware Service,CYBERTRUCK,2024–2026,2024,2026,3,173,Yes,parts_supply_and_bay_hours,Physical part replacement. Throughput bounded by parts supply and technician bay hours.
25V359000,2025-05-30,2025,VISIBILITY:WINDSHIELD WIPER/WASHER:LINKAGES,"Tesla, Inc. (Tesla) is recalling certain 2026 Model Y vehicles. The hose connector may block the windshield washer nozzles, preventing washer fluid from reaching the windshield. As such, these vehicles fail to comply with the requirements of Federal Motor Vehicle Safety Standard (FMVSS) number 104, ""Windshield Wiping and Washing Systems.""",The inability to clean the windshield reduces the driver’s visibility and increases the risk of a crash.,"Tesla service will inspect and replace the wiper arm elbow connector as necessary, free of charge. Owner notification letters were mailed July 25, 2025. Owners may contact Tesla customer service at 1-877-798-3752. Tesla's number for this recall is SB-25-20-001.",Inspect & Replace,MODEL Y,2026–2026,2026,2026,1,172,Yes,bay_hours,Every vehicle must be inspected; only a subset needs the part. Highest capacity cost per affected vehicle.
23V385000,2023-05-30,2023,STEERING: STEERING WHEEL/HANDLE BAR,"Tesla, Inc. (Tesla) is recalling certain 2022-2023 Model Y vehicles.  The steering wheel fastener may be loose.","A loose fastener may allow the steering wheel to disconnect from the steering column, which can cause a loss of steering control and increase the risk of a crash.","Tesla Service will inspect and replace the fastener as necessary, free of charge.  Owner notification letters were be mailed July 28, 2023.  Tesla's number for this recall is SB-23-32-001.",Inspect & Replace,MODEL Y,2022–2023,2022,2023,2,137,Yes,bay_hours,Every vehicle must be inspected; only a subset needs the part. Highest capacity cost per affected vehicle.
25V172000,2025-03-19,2025,AIR BAGS,"Tesla, Inc. (Tesla) is recalling certain 2021-2024 Model S and 2021-2025 Model X vehicles.  An air bag with the incorrect horn pad may have been installed, preventing the horn from sounding.","An inoperative horn may prevent the driver from alerting other drivers, increasing the risk of a crash.","Tesla service will inspect and install an air bag with the correct horn pad as necessary, free of charge.  Owner notification letters were mailed May 20, 2025.  Owners may contact Tesla customer service at 1-877-798-3752.  Tesla's number for this recall is SB-25-20-001.",Hardware Service,"MODEL S, MODEL X",2021–2025,2021,2025,9,91,Yes,parts_supply_and_bay_hours,Physical part replacement. Throughput bounded by parts supply and technician bay hours.
19V719000,2019-10-10,2019,EQUIPMENT:OTHER:LABELS,"Tesla Motors, Inc. (Tesla) is recalling certain 2019 Tesla Model 3 vehicles. The driver-side sun visor may not have the required air bag warning information.  As such, these vehicles fail to comply with the requirements of Federal Motor Vehicle Safety Standard (FMVSS) number 208, ""Occupant Crash Protection.""",Failure to provide the air bag warning information increases the risk of injury.,"Tesla will notify owners, and Tesla Service Centers will inspect the visor and replace it, as necessary, free of charge.  The recall began December 6, 2019.  Owners may contact Tesla customer service at 1-877-798-3752.  Tesla's number for this recall is SB-19-15-003.",Inspect & Replace,MODEL 3,2019–2019,2019,2019,1,89,Yes,bay_hours,Every vehicle must be inspected; only a subset needs the part. Highest capacity cost per affected vehicle.
22E092000,2022-11-01,2022,VISIBILITY:REARVIEW MIRRORS/DEVICES:EXTERIOR,"Tesla, Inc. (Tesla) is recalling certain 2021 Model S exterior side rearview mirrors, part numbers: 1622232-00-B and 1622233-00-B.  The driver side exterior rearview mirrors are convex (curved glass) and the passenger side mirrors do not include the ""Objects in Mirror Are Closer Than They Appear"" etched warning.  As such, these mirrors fail to comply with the requirements of Federal Motor Vehicle Safety Standard number 111, ""Rear Visibility.""","When using the incorrect mirrors, the driver may misjudge the distance of other vehicles, increasing the risk of a crash.","Tesla Service will replace the mirrors, free of charge.  Owner notification letters were mailed December 31, 2022.  Owners may contact Tesla customer service at 1-877-798-3752.  Tesla's number for this recall is SB-22-12-002.",Hardware Service,MODEL S,2021–2021,2021,2021,1,53,Yes,parts_supply_and_bay_hours,Physical part replacement. Throughput bounded by parts supply and technician bay hours.
25V410000,2025-06-18,2025,SEATS:CRITICAL FASTENERS,"Tesla, Inc. (Tesla) is recalling certain 2026 Model 3 and Model Y vehicles. The fasteners attaching the seat back to the seat bottom may have been improperly tightened.","The seat may not properly restrain the occupant, increasing the risk of injury during a crash.","Tesla Service Centers will inspect and tighten or replace the seat assembly fasteners as necessary, free of charge. Owner notification letters were mailed August 16, 2025. Owners may contact Tesla customer service at 1-877-798-3752. Tesla's number for this recall is SB-25-13-003.",Inspect & Replace,"MODEL 3, MODEL Y",2026–2026,2026,2026,2,48,Yes,bay_hours,Every vehicle must be inspected; only a subset needs the part. Highest capacity cost per affected vehicle.
23V244000,2023-04-05,2023,BACK OVER PREVENTION,"Tesla, Inc. (Tesla) is recalling certain 2023 Model X vehicles equipped with a full self-driving computer 4.0 and running software release version 2023.2.200.  Weak camera signal strength may prevent the rearview image from displaying.  As such, these vehicles fail to comply with the requirements of Federal Motor Vehicle Safety Standard number 111, ""Rear Visibility.""","A rearview image that does not display while in reverse decreases the driver's visibility, increasing the risk of injury or crash.","Tesla has released an over-the-air (OTA) software update, free of charge.  All affected vehicles have been remedied.  Owners may contact Tesla customer service at 1-877-798-3752.",OTA Software,MODEL X,2023–2023,2023,2023,1,38,No,none,Fix delivered over the air. Scales to the full fleet without consuming service center capacity.
24V886000,2024-11-22,2024,SEATS:FRONT ASSEMBLY:RECLINER,"Tesla, Inc. (Tesla) is recalling certain 2024 Model Y vehicles.  The weld attaching the seat recliner mechanism to the front seat backs may fail.","The seat back frame may not properly restrain the occupant during a crash, increasing the risk of injury.","Tesla service will replace the seat assembly, free of charge.  Owner notification letters were mailed January 21, 2025.  Owners may contact Tesla customer service at 1-877-798-3752.  Tesla's number for this recall is SB-24-13-004.",Hardware Service,MODEL Y,2024–2024,2024,2024,1,27,Yes,parts_supply_and_bay_hours,Physical part replacement. Throughput bounded by parts supply and technician bay hours.
23V434000,2023-06-19,2023,ELECTRICAL SYSTEM:PROPULSION SYSTEM:TRACTION BATTERY,"Tesla, Inc. (Tesla) is recalling certain 2023 Model 3 and Model Y vehicles.  The pyrotechnic battery disconnect may be defective.","A defective battery disconnect may not isolate the vehicle's high voltage battery after a crash or fault detection, increasing the risk of electrical shock and injury.","Tesla Service will replace the pyrotechnic battery disconnect, free of charge.  Owner notification letters were mailed August 18, 2023.  Owners may contact Tesla customer service at 1-877-798-3752.  Tesla's number for this recall is SB-23-16-005.",Hardware Service,"MODEL 3, MODEL Y",2023–2023,2023,2023,2,26,Yes,parts_supply_and_bay_hours,Physical part replacement. Throughput bounded by parts supply and technician bay hours.
22V895000,2022-12-05,2022,SUSPENSION:SUBFRAME/MOUNTING BRACKET,"Tesla, Inc. (Tesla) is recalling certain 2023 Model Y vehicles.  The front suspension lateral link fasteners may not have been properly attached to the sub-frame.","A loose fastener can allow the lateral link to separate from the sub-frame, causing instability and increasing the risk of a crash.","Tesla Service will tighten or replace the fasteners as necessary, free of charge.  Owner notification letters were mailed February 7, 2023.  Owners may contact Tesla customer service at 1-877-798-3752.  Tesla's number for this recall is SB-22-31-002.",Hardware Service,MODEL Y,2023–2023,2023,2023,1,26,Yes,parts_supply_and_bay_hours,Physical part replacement. Throughput bounded by parts supply and technician bay hours.
24V904000,2024-12-02,2024,EXTERIOR LIGHTING:HEADLIGHTS,"Tesla, Inc. (Tesla) is recalling certain 2024 Model X vehicles.  The parking lights and low beam headlights may flicker.  As such, these vehicles fail to comply with the requirements of Federal Motor Vehicle Safety Standard (FMVSS) number 108, ""Lamps, Reflective Devices, and Associated Equipment.""","Flickering headlights or parking lights may not suffciently illuminate the roadway, increasing the risk of a crash.","Tesla released an over-the-air (OTA) software update, free of charge.  All vehicles were updated by September 17, 2024.  Owners may contact Tesla customer service at 1-877-798-3752.  Tesla's number for this recall is SB-24-00-017.",OTA Software,MODEL X,2024–2024,2024,2024,1,25,No,none,Fix delivered over the air. Scales to the full fleet without consuming service center capacity.
22V104000,2022-02-23,2022,AIR BAGS:SIDE/WINDOW:CURTAIN:INFLATOR,"Tesla, Inc. (Tesla) is recalling certain 2021-2022 Model S vehicles.  The right or left side curtain air bag inflators may have been assembled incorrectly.","An incorrectly assembled inflator can cause a delayed or improper deployment of the side curtain air bag, increasing the risk of injury during a crash.","Tesla Service Centers will replace the side curtain air bags, free of charge.  Owner notification letters were mailed April 28, 2022.  Owners may contact Tesla customer service at 1-877-798-3752.  Tesla's number for this recall is SB-22-20-001.",Hardware Service,MODEL S,2021–2022,2021,2022,2,9,Yes,parts_supply_and_bay_hours,Physical part replacement. Throughput bounded by parts supply and technician bay hours.
22V317000,2022-05-09,2022,FORWARD COLLISION AVOIDANCE: AUTOMATIC EMERGENCY BRAKING,"Tesla, Inc. (Tesla) is recalling certain 2020-2021 Model 3 and 2021 Model Y vehicles.  The fisheye and narrow camera cable terminals were incorrectly installed in the cable harness connector, resulting in swapped camera views.","Swapped camera views can prevent the vehicle's cameras from detecting crossing objects and high-curvature lane lines, impairing the Autosteer and Automatic Emergency Braking (AEB) performance, and increasing the risk of a crash.","Tesla Service will correct the swapped terminals and recalibrate the cameras, free of charge.  Owner notification letters were mailed July 8, 2022.  Owners may contact Tesla customer service at 1-877-798-3752.  Tesla's number for this recall is SB-22-17-007.",Other,"MODEL 3, MODEL Y",2021–2021,2021,2021,2,7,Yes,bay_hours,Unclassified or mixed remedy. Treated as capacity constrained by default so the planner errs conservative.
25V490000,2025-07-28,2025,ELECTRICAL SYSTEM:HORN,"Tesla, Inc. (Tesla) is recalling certain 2026 Model Y vehicles. The ring terminal of the horn ground wire may be improperly secured, allowing the circuit to open and preventing the horn from sounding.","An inoperable horn may prevent the driver from alerting other drivers as needed, increasing the risk of a crash.","Tesla service will replace the steering wheel, free of charge. Owner notification letters were be mailed September 23, 2025. Owners may contact Tesla customer service at 1-877-798-3752. Tesla's number for this recall is SB-25-17-009.",Hardware Service,MODEL Y,2026–2026,2026,2026,1,6,Yes,parts_supply_and_bay_hours,Physical part replacement. Throughput bounded by parts supply and technician bay hours.
22V526000,2022-07-21,2022,AIR BAGS:FRONTAL,"Tesla, Inc. (Tesla) is recalling certain 2022 Model S vehicles.  The front bumper carrier structure may alter the vehicle's crash detection, causing the front passenger air bag to deploy incorrectly during certain low speed crashes.  As such, these vehicles fail to comply with the requirements of Federal Motor Vehicle Safety Standard number 208, ""Occupant Crash Protection.""",A passenger air bag that does not deploy as intended increases the risk of injury.,"Tesla Service will replace the front bumper carrier structure, free of charge.  Owner notification letters were mailed September 19, 2022.  Owners may contact Tesla customer service at 1-877-798-3752.  Tesla's number for this recall is SB-22-10-006.",Hardware Service,MODEL S,2022–2022,2022,2022,1,5,Yes,parts_supply_and_bay_hours,Physical part replacement. Throughput bounded by parts supply and technician bay hours.
21V834000,2021-10-25,2021,AIR BAGS:SIDE/WINDOW:CURTAIN,"Tesla, Inc. (Tesla) is recalling certain 2020-2021, 2023 Model 3 vehicles.  The left and/or right side curtain air bag may have been improperly secured to the roof rail, which could result in a twisted air bag.  As such, these vehicles fail to comply with the requirements of Federal Motor Vehicle Safety Standard numbers 214, ""Side Impact Protection"" and 226, ""Ejection Mitigation.""","A twisted side curtain air bag may improperly deploy, increasing the risk of injury or occupant ejection during a crash.","Tesla Service will inspect and realign the left and right side curtain air bag as necessary, free of charge.  Owner notification letters were mailed December 23, 2021.  Owners may contact Tesla customer service at 1-877-798-3752.  Tesla's number for this recall is SB-21-20-006.",Other,MODEL 3,2020–2023,2020,2023,3,3,Yes,bay_hours,Unclassified or mixed remedy. Treated as capacity constrained by default so the planner errs conservative.
22V264000,2022-04-18,2022,STRUCTURE:BODY,"Tesla, Inc. (Tesla) is recalling one 2022 Model X vehicle.  A body structure reinforcement bracket was not installed at the second-row seat.  As such, this vehicle fails to comply with the requirements of Federal Motor Vehicle Safety Standard numbers 207, ""Seating Systems"" and 210, ""Seat Belt Assembly Anchorages.""","The second-row seat may not properly restrain occupants during a crash, increasing the risk of injury.","Tesla will replace the vehicle, free of charge.  The recall was completed April 28, 2022.  Owners may contact Tesla customer service at 1-877-798-3752.",Hardware Service,MODEL X,2022–2022,2022,2022,1,1,Yes,parts_supply_and_bay_hours,Physical part replacement. Throughput bounded by parts supply and technician bay hours.
